ID	begin	msa_original	l_effective	n_effective	repeat_region_length	divergence	pvalue
Q9H832	47	A,A,A,A,A,A	1	6.0	6	1e-10	0.0
Q7Z3B4	75	TGLG,TGLG,TGLG	4	3.0	12	1e-10	0.0
Q9Y6R1	1018	K,K,K,K,K,K,K	1	7.0	7	1e-10	0.0
O43143	84	HSTHSA,HSTHST,HSAHST	6	3.0	18	0.09667968758066406	0.0
P20585	51	A,A,A,A,A,A,A,A,A,A,A,A	1	12.0	12	1e-10	0.0
Q8NEG4	88	KA,KA,KA	2	3.0	6	1e-10	0.0
Q9NYF8	862	RG,RG,RG	2	3.0	6	1e-10	0.0
Q9NYF8	74	RG,RG,RG	2	3.0	6	1e-10	0.0
Q8NAV1	195	E,E,E,E,E,E	1	6.0	6	1e-10	0.0
Q9NSV4	588	P,P,P,P,P,P,P,P,P,P,P	1	11.0	11	1e-10	0.0
Q9NSY1	487	H,H,H,H,H,H,H,H	1	8.0	8	1e-10	0.0
Q9NSY1	460	Q,Q,Q,Q,Q,Q,Q,Q,Q,Q,Q,Q,Q,Q,Q,Q,Q,Q,Q,Q,Q,Q,Q,Q,Q,Q,Q	1	27.0	27	1e-10	0.0
P55085	383	S,S,S,Y,S,S,S,S	1	8.0	8	0.09869384773651124	0.0
Q8WUY9	502	KP,KP,KP	2	3.0	6	1e-10	0.0
Q8TCJ2	541	ML,ML,ML	2	3.0	6	1e-10	0.0
Q9UHV7	1539	S,S,S,S,S,S	1	6.0	6	1e-10	0.0
Q9UPN9	545	T,T,T,T,T,T	1	6.0	6	1e-10	0.0
Q9UPN9	44	E,E,E,E,E,E	1	6.0	6	1e-10	0.0
Q13153	178	D,D,D,D,D,D	1	6.0	6	1e-10	0.0
Q01658	156	AS,AS,AS	2	3.0	6	1e-10	0.0
Q9H6S0	15	G,G,G,G,G,G,G	1	7.0	7	1e-10	0.0
Q71F56	1050	TPR,TPR,TPR,TPR	3	4.0	12	1e-10	0.0
Q9UGU0	1556	P,P,P,P,P,P	1	6.0	6	1e-10	0.0
Q9UGU0	240	S,S,S,S,S,S,S	1	7.0	7	1e-10	0.0
Q9UGU0	313	Q,Q,Q,Q,Q,P,Q,Q,Q,Q	1	10.0	10	0.08624267586400147	0.0
Q9UGU0	174	Q,Q,Q,Q,Q,Q	1	6.0	6	1e-10	0.0
Q9UGU0	62	A,A,A,A,A,A,A	1	7.0	7	1e-10	0.0
A1YPR0	298	P,P,P,P,P,P,P	1	7.0	7	1e-10	0.0
A1YPR0	154	E,E,E,E,E,E,E,E,E	1	9.0	9	1e-10	0.0
Q9BXB4	39	S,S,S,S,S,S	1	6.0	6	1e-10	0.0
Q8N3X6	9	A,A,A,A,A,A,A,A,A,A,A,A,A,A	1	14.0	14	1e-10	0.0
Q6P9F7	86	PL,PL,PL	2	3.0	6	1e-10	0.0
O95715	20	L,L,L,L,L,L	1	6.0	6	1e-10	0.0
Q99684	176	GA,GA,GA	2	3.0	6	1e-10	0.0
Q92922	1082	P,P,P,P,P,P	1	6.0	6	1e-10	0.0
Q7LFL8	107	A,A,A,A,A,A	1	6.0	6	1e-10	0.0
Q12849	86	A,A,A,A,A,A,A	1	7.0	7	1e-10	0.0
Q12849	55	A,A,A,A,A,A	1	6.0	6	1e-10	0.0
Q3KQV3	472	HTGERPYECNECGKLFSQSSSLNSHRRL,HTGERPYQCSECGKFFNQSSSLNNHRRL,HTGERPYECSECGK--------------	28	2.5	70	0.09350585945629883	0.0
Q14119	337	Q,Q,Q,Q,Q,Q,Q,Q,Q,Q,Q,Q,Q,Q,Q,Q,Q,Q	1	18.0	18	1e-10	0.0
P38432	413	RG,RG,RG,RG	2	4.0	8	1e-10	0.0
Q8IWB9	43	E,E,E,E,E,E,E,E,E	1	9.0	9	1e-10	0.0
O60341	7	A,A,A,A,A,A,A,A,A,A,A,A	1	12.0	12	1e-10	0.0
Q8N108	86	E,E,E,E,E,E,E,E,E	1	9.0	9	1e-10	0.0
Q9BZE1	283	YP,YP,YP	2	3.0	6	1e-10	0.0
Q07955	204	RS,RS,RS,RS,RS,RS,RS,RS,NS,RS,RS	2	11.0	22	0.040832519623083506	0.0
Q07955	98	G,G,G,G,G,G,G,G,G	1	9.0	9	1e-10	0.0
Q8N302	398	ED,ED,ED	2	3.0	6	1e-10	0.0
Q7Z3J2	58	S,S,S,S,S,S,S	1	7.0	7	1e-10	0.0
Q9UBB5	75	GRGRGR,GRGRGR,GRGRGR	6	3.0	18	1e-10	0.0
Q96AG4	250	L,L,L,L,L,L,L	1	7.0	7	1e-10	0.0
O76094	552	K,K,K,K,K,K,K,K	1	8.0	8	1e-10	0.0
